,County Name,"Bachelor's degree or higher of persons age 25 years+, 2017-2021","With a disability, under age 65 years, 2017-2021","Persons without health insurance, under age 65 years","In civilian labor force, total of population age 16 years+, 2017-2021","In civilian labor force, female of population age 16 years+, 2017-2021","Total retail sales per capita, 2017","Mean travel time to work (minutes), workers age 16 years+, 2017-2021","Median household income (in 2021 dollars), 2017-2021","Per capita income in past 12 months (in 2021 dollars), 2017-2021",Persons in poverty,"Total employer establishments, 2020","Total employment, 2020","Total annual payroll, 2020 ($1,000)","Population per square mile, 2020","Land area in square miles, 2020",Banned or not
0,"Adams County, Ohio",4406.72,4434.26,2588.95,14184.13,14018.88,9461,36.1,44467,24539,5205.44,385,4572,167427,47.1,583.87,0.0
1,"Allen County, Ohio",19418.97,12912.09,8540.28,61917.03,58765.26,16266,19.5,55114,28671,15555.51,2286,45012,1983272,253.9,402.55,1.0
2,"Ashland County, Ohio",11614.15,5179.28,4708.44,32592.87,29663.17,9431,24.2,58168,28992,5702.44,1034,18234,701075,124.0,422.99,0.0
3,"Ashtabula County, Ohio",14697.89,12361.8,9733.7,55190.08,51296.6,10406,25.8,49680,26777,15281.91,1806,24464,913850,139.0,702.07,0.0
4,"Athens County, Ohio",21161.1,8005.22,5833.26,34316.97,33386.13,11148,21.9,47061,24990,12969.7,1029,13265,469095,124.0,503.64,0.0
5,"Auglaize County, Ohio",9274.34,3506.72,3414.43,31052.89,28192.15,10976,19.1,69315,33720,3645.14,975,22072,990028,115.7,401.39,1.0
6,"Belmont County, Ohio",10535.84,7572.64,5136.22,35821.86,33582.99,16540,25.1,54191,28348,10469.99,1354,18059,697203,125.0,532.13,0.0
7,"Brown County, Ohio",6374.65,5283.1,3536.62,24887.34,23621.14,7674,33.6,59766,28658,7335.22,542,5434,163396,89.2,489.54,0.0
8,"Butler County, Ohio",124094.41,32779.66,30048.02,249749.76,234530.63,22001,25.1,72281,34632,45267.14,7292,145687,7053119,836.7,466.52,1.0
9,"Carroll County, Ohio",3763.43,3256.3,2962.7,15240.56,13745.86,7892,28.6,55954,30965,3549.9,453,5447,190081,67.7,394.61,0.0
10,"Champaign County, Ohio",6462.73,4256.89,3095.92,24186.88,22600.22,7976,25.6,62865,30090,4102.09,575,9581,408405,90.2,428.99,0.0
11,"Clark County, Ohio",25634.64,16954.12,10986.27,81244.17,74326.88,10483,22.6,54869,28679,21701.28,2167,38457,1500960,342.7,396.88,0.0
12,"Clermont County, Ohio",61844.39,23479.9,17819.57,137315.51,125575.56,14745,28.0,73013,38260,19915.99,3614,51928,2297661,460.9,452.56,0.0
13,"Clinton County, Ohio",8442.8,5082.48,3570.34,26378.51,25118.39,11436,25.8,57409,29651,5040.48,702,16444,845042,102.8,408.73,0.0
14,"Columbiana County, Ohio",15905.67,12258.51,9725.76,58658.49,55416.57,11913,25.1,51664,28538,16918.77,1909,26679,925485,191.5,531.92,0.0
15,"Coshocton County, Ohio",6261.68,3954.74,4027.98,21165.2,19627.25,9335,24.7,49297,24901,5089.9,609,8121,319800,64.9,563.99,0.0
16,"Crawford County, Ohio",6555.38,5135.74,3757.86,25094.15,22881.19,8634,24.1,48449,27866,5636.79,767,12093,450310,104.6,401.79,1.0
17,"Cuyahoga County, Ohio",429789.13,136183.18,93704.02,792111.36,750881.59,13560,24.0,55109,36321,202400.69,31708,673763,38514352,2766.4,457.21,0.0
18,"Darke County, Ohio",8616.7,4643.73,4850.12,32248.12,29307.1,10016,23.0,57440,29914,5366.09,1136,15710,667993,86.7,598.1,0.0
19,"Defiance County, Ohio",7323.65,3547.39,3165.95,24946.18,22848.26,22199,20.8,65779,32035,3852.54,796,13807,576118,93.1,411.45,0.0
20,"Delaware County, Ohio",126042.54,12140.7,11037.0,155400.96,141935.82,20392,26.0,116284,52397,9050.34,4893,89828,4740171,483.2,443.15,0.0
21,"Erie County, Ohio",18862.7,8233.72,5763.6,46408.24,44387.24,16636,20.8,60149,35100,9431.35,1780,32736,1233289,300.9,251.29,0.0
22,"Fairfield County, Ohio",48641.33,14817.89,12885.12,103242.02,97604.78,12711,28.3,77241,35481,13207.25,2670,36790,1395045,315.1,504.37,0.0
23,"Fayette County, Ohio",4249.18,4538.24,2630.45,16794.39,14857.68,21342,26.0,52964,27586,4711.68,562,9898,366763,71.2,406.36,0.0
24,"Franklin County, Ohio",544422.57,110998.78,125534.33,923668.39,865526.17,19798,22.2,65999,37532,188962.2,29479,672835,37097059,2486.4,532.42,0.0
25,"Fulton County, Ohio",7471.2,4542.15,3650.7,26913.3,24748.35,11930,22.5,65418,31805,3438.45,938,15762,689737,105.3,405.45,0.0
26,"Gallia County, Ohio",5015.18,4373.7,2624.22,15424.58,13733.42,13028,27.8,50773,26484,5248.44,542,9209,362594,62.6,466.53,0.0
27,"Geauga County, Ohio",36696.96,5447.2,9556.5,62212.81,55714.4,16021,28.1,90285,45199,5925.03,2711,29806,1294357,238.3,400.3,0.0
28,"Greene County, Ohio",69217.33,14820.26,11283.6,102562.91,94142.31,15544,21.3,75901,38882,17346.44,3255,55902,2730534,406.1,413.56,0.0
29,"Guernsey County, Ohio",5666.48,4977.31,4020.14,21211.0,19411.51,13621,22.6,48434,26716,5819.62,819,13504,519565,73.6,522.25,0.0
30,"Hamilton County, Ohio",327151.04,72700.23,55351.31,551034.71,519641.43,16293,23.4,63080,38902,129703.82,20772,493248,30753058,2048.9,405.41,0.0
31,"Hancock County, Ohio",20903.68,5748.51,5972.48,48451.74,44494.98,16376,18.0,60828,34532,7465.6,1652,44318,2240851,141.0,531.33,1.0
32,"Hardin County, Ohio",5021.84,3184.58,3245.83,18097.01,16596.58,7035,22.9,52112,25057,5174.95,426,6693,230333,65.3,470.29,0.0
33,"Harrison County, Ohio",1766.19,1910.96,1447.7,7339.84,6355.4,5731,30.4,51993,27455,2041.26,260,2904,126688,36.0,402.33,0.0
34,"Henry County, Ohio",4874.23,2726.26,2285.65,17569.24,16385.11,9224,22.7,64513,31671,2450.88,558,8089,371113,66.5,416.01,0.0
35,"Highland County, Ohio",6112.91,5852.79,4465.46,25232.03,23281.1,10160,28.5,52376,24980,6026.21,676,8371,334403,78.3,553.08,0.0
36,"Hocking County, Ohio",4158.36,3652.61,2444.44,16492.94,15003.8,8363,29.8,56755,27714,4636.0,482,5340,158449,66.6,421.35,0.0
37,"Holmes County, Ohio",4648.46,1992.2,12572.96,28776.15,22046.96,14652,21.9,69454,26999,4471.37,1332,18805,766913,104.6,422.61,0.0
38,"Huron County, Ohio",8755.05,6887.31,4961.2,36012.44,33035.72,11764,22.6,59049,28145,6537.1,1081,18620,831402,119.0,492.24,0.0
39,"Jackson County, Ohio",4909.16,5299.29,2828.46,18791.36,17328.36,11664,27.1,50983,25843,5754.45,607,8478,296472,77.7,420.31,0.0
40,"Jefferson County, Ohio",11856.39,8163.41,4729.6,35763.53,33495.91,12668,23.3,49211,28207,11143.71,1188,18549,702650,159.9,408.12,0.0
41,"Knox County, Ohio",14277.62,6038.11,5660.73,37926.89,35033.63,10155,27.5,64439,29383,7862.12,1095,18357,733504,119.4,525.5,1.0
42,"Lake County, Ohio",67054.65,20186.0,18329.82,151743.04,142462.12,16320,23.8,70168,37586,16241.61,5498,86083,4245635,1014.5,229.27,0.0
43,"Lawrence County, Ohio",9708.2,10454.99,4595.6,30158.62,28148.05,9691,22.7,48947,25754,9880.54,791,10304,361227,128.5,453.39,0.0
44,"Licking County, Ohio",51594.69,20565.71,13530.08,113291.83,106256.19,14373,27.0,72771,35931,19844.11,3022,56800,2444812,261.6,682.43,0.0
45,"Logan County, Ohio",8240.26,4465.39,3498.66,28219.46,26378.06,11151,22.1,64196,32868,4649.54,808,16703,789601,100.7,458.51,1.0
46,"Lorain County, Ohio",82054.7,30612.72,23669.62,190619.38,182098.32,12604,24.8,62390,33799,40396.16,5483,85777,3665272,638.0,490.54,0.0
47,"Lucas County, Ohio",118027.52,50215.35,32618.52,271248.71,255368.64,15002,20.6,53176,31632,74679.23,9297,188890,9467561,1269.7,339.66,0.0
48,"Madison County, Ohio",8877.2,4838.07,3284.56,25166.86,26675.99,39612,24.9,72811,31493,5947.72,687,15459,687596,94.1,465.81,0.0
49,"Mahoning County, Ohio",56463.74,26531.15,19274.77,136510.72,129707.86,16442,22.3,50750,30421,43765.07,5295,84892,3327818,555.6,411.49,0.0
50,"Marion County, Ohio",8553.12,9140.74,4962.12,34669.52,34277.78,12471,23.4,51144,26823,10315.98,1094,22275,918875,161.9,403.81,0.0
51,"Medina County, Ohio",64082.2,13182.62,11351.7,123587.1,113883.22,17492,27.2,82894,41100,11168.61,3978,54701,2461886,432.9,421.46,1.0
52,"Meigs County, Ohio",2734.08,3549.89,2050.56,11068.6,10120.49,8072,32.3,44113,24812,4652.34,313,2571,73632,51.6,430.1,0.0
53,"Mercer County, Ohio",8631.04,2580.85,3173.18,29320.14,27754.7,13410,19.1,68692,32528,3088.56,1027,16352,663713,92.0,462.45,0.0
54,"Miami County, Ohio",26551.15,8413.33,7539.22,70803.07,63263.86,13469,21.6,66284,34178,8959.65,2112,37222,1593764,267.6,406.52,0.0
55,"Monroe County, Ohio",1679.45,1706.11,1346.23,6744.47,5731.47,5400,33.7,50503,30569,1892.72,263,1820,60937,29.4,455.72,0.0
56,"Montgomery County, Ohio",156465.28,59478.24,44474.72,331684.96,309715.52,15868,22.1,56543,32692,81447.68,10960,236680,11710997,1164.6,461.35,0.0
57,"Morgan County, Ohio",1491.34,2107.03,1286.11,6909.41,6827.32,4056,35.5,44848,23497,2243.85,158,2206,77860,33.1,416.43,0.0
58,"Morrow County, Ohio",5272.65,4007.21,3374.5,22461.49,21055.45,5005,30.6,63411,30352,3972.06,408,4020,131238,86.1,406.13,0.0
59,"Muskingum County, Ohio",15726.26,8986.43,6912.64,51585.58,47697.22,15450,25.0,52224,28877,13652.46,1667,27960,1201764,130.0,664.55,0.0
60,"Noble County, Ohio",1715.3,1644.42,1318.37,5301.82,6464.26,5632,25.6,46144,26411,2310.69,219,1903,55417,35.5,398.01,0.0
61,"Ottawa County, Ohio",10427.04,3288.53,3368.74,23180.11,21776.47,10889,25.0,64463,40728,3368.74,1014,9878,451384,158.5,254.7,0.0
62,"Paulding County, Ohio",3057.1,2472.1,1679.52,10945.18,9831.79,7269,23.8,59987,30831,1943.71,298,4045,141660,45.2,416.44,0.0
63,"Perry County, Ohio",4751.64,5319.0,3085.02,19680.3,18687.42,5334,32.1,58616,26299,4928.94,437,4442,150303,86.8,407.93,0.0
64,"Pickaway County, Ohio",11629.27,6645.3,4093.98,32989.15,32989.15,8044,28.7,63629,30342,6051.97,783,10411,425955,116.8,501.23,0.0
65,"Pike County, Ohio",3982.08,5011.46,2329.65,13490.32,12650.56,10055,28.5,44961,26568,5201.09,402,7184,352191,61.5,440.28,0.0
66,"Portage County, Ohio",48876.98,14289.62,13477.71,106360.21,99540.17,14668,25.2,64163,34290,20135.37,2958,47923,2049113,331.9,487.41,0.0
67,"Preble County, Ohio",7519.53,4291.04,3024.16,25133.2,22640.32,9414,26.3,60527,31040,4495.37,664,9668,444669,96.6,424.23,0.0
68,"Putnam County, Ohio",8510.86,1887.49,2711.12,23027.38,21414.43,8558,22.4,73122,33676,2436.58,729,9933,398620,71.4,482.54,0.0
69,"Richland County, Ohio",22284.71,15148.6,11142.36,71110.76,68982.45,13626,22.4,52605,27534,16776.13,2606,39890,1479026,252.3,495.23,0.0
70,"Ross County, Ohio",12994.58,10764.74,6228.17,41136.68,41213.58,14604,26.8,54004,27086,14532.4,1233,22077,953471,111.9,689.17,0.0
71,"Sandusky County, Ohio",10627.42,6869.66,5108.2,35992.3,32821.68,11573,19.4,56414,29904,7691.66,1273,22041,942599,144.3,408.25,0.0
72,"Scioto County, Ohio",12028.74,13642.36,5794.33,34105.89,33079.05,12246,27.1,43266,23958,17529.69,1240,19183,721708,121.3,610.15,0.0
73,"Shelby County, Ohio",9163.61,4174.0,3502.32,32528.41,30369.44,10067,18.7,66536,31861,5133.54,964,24765,1287376,118.3,407.69,0.0
74,"Stark County, Ohio",88224.82,36261.9,28411.38,231777.08,212711.55,14450,21.6,58170,31765,47850.75,8005,143048,5849718,651.6,575.27,0.0
75,"Trumbull County, Ohio",38857.66,24764.2,18522.82,109928.91,102479.52,12896,23.6,50258,28123,31206.92,3817,55664,2097513,326.8,618.1,0.0
76,"Tuscarawas County, Ohio",17020.0,9990.0,10267.5,57257.5,50690.0,12933,23.5,57545,29276,11470.0,2062,30562,1240618,164.4,567.39,0.0
77,"Vinton County, Ohio",1663.18,2044.06,1180.73,6932.02,6513.05,2320,35.3,46653,25263,2450.33,147,1641,50807,31.0,412.36,0.0
78,"Warren County, Ohio",108729.87,16765.6,12820.76,160506.0,151630.1,12796,25.7,95709,45255,14546.63,4456,83544,4528870,603.7,401.43,0.0
79,"Washington County, Ohio",11765.75,7784.41,4634.99,34524.76,31375.34,14565,23.2,54167,31375,8081.53,1351,22846,1062679,94.6,631.97,0.0
80,"Wayne County, Ohio",27310.14,10854.03,14121.91,72943.75,64307.21,11768,20.2,64594,30362,11204.16,2482,43423,1792709,210.7,554.79,0.0
81,"Williams County, Ohio",5360.54,4148.91,3047.43,22800.64,21735.87,10145,17.9,55030,28831,3304.44,780,15739,623325,88.2,420.66,0.0
82,"Seneca County, Ohio",9828.17,5655.32,4447.39,34480.97,32504.35,10226,20.7,56043,28992,6588.72,1025,16462,607851,99.9,551.03,1.0
83,"Wood County, Ohio",48087.34,11657.54,9405.51,90213.43,84517.14,14333,20.7,66337,36047,14439.45,2701,57707,2719738,214.3,617.16,0.0
84,"Union County, Ohio",24559.04,4418.03,3573.4,43725.48,38527.8,13966,25.9,96634,44442,3573.4,1083,25265,1591247,145.4,431.76,1.0
85,"Wyandot County, Ohio",4211.35,1801.76,1758.35,13979.95,12851.14,12356,22.9,61626,30596,1714.93,494,9495,425207,53.8,406.88,0.0
86,"Summit County, Ohio",182257.59,49999.87,38171.94,348923.82,325805.6,15843,23.3,63111,37373,67204.12,13210,246876,12462532,1309.2,412.79,0.0
87,"Van Wert County, Ohio",4798.24,2901.93,2327.29,18359.75,17095.54,11816,20.1,59210,29119,2557.15,541,10422,443969,70.7,409.15,0.0
