,County Name,"Population Estimates, July 1 2021, (V2021)",Persons under 5 years,Persons under 18 years,Persons 65 years and over,Female persons,White alone,Black or African American alone,American Indian and Alaska Native alone,Asian alone,Native Hawaiian and Other Pacific Islander alone,Two or More Races,Hispanic or Latino,"White alone, not Hispanic or Latino","Veterans, 2017-2021","Foreign born persons, 2017-2021","Housing units, July 1, 2021, (V2021)","Owner-occupied housing unit rate, 2017-2021","Median value of owner-occupied housing units, 2017-2021","Median selected monthly owner costs -with a mortgage, 2017-2021","Median selected monthly owner costs -without a mortgage, 2017-2021","Median gross rent, 2017-2021","Building permits, 2021","Households, 2017-2021","Persons per household, 2017-2021","Living in same house 1 year ago of persons age 1 year+, 2017-2021","Language other than English spoken at home of persons age 5 years+, 2017-2021","Households with a computer, 2017-2021","Households with a broadband Internet subscription, 2017-2021","High school graduate or higher of persons age 25 years+, 2017-2021","Bachelor's degree or higher of persons age 25 years+, 2017-2021","With a disability, under age 65 years, 2017-2021","Persons without health insurance, under age 65 years","In civilian labor force, total of population age 16 years+, 2017-2021","In civilian labor force, female of population age 16 years+, 2017-2021","Total retail sales per capita, 2017","Mean travel time to work (minutes), workers age 16 years+, 2017-2021","Median household income (in 2021 dollars), 2017-2021","Per capita income in past 12 months (in 2021 dollars), 2017-2021",Persons in poverty,"Total employer establishments, 2020","Total employment, 2020","Total annual payroll, 2020 ($1,000)","Population per square mile, 2020","Land area in square miles, 2020",Banned or not
0,"Adams County, Ohio",27542,1707.6,6665.16,5095.27,13798.54,26660.66,165.25,165.25,82.63,0.0,440.67,302.96,26385.24,1840,192.79,12703,73.2,118300,1159,403,593,25.0,10163,2.68,24760.26,495.76,23713.66,21014.55,23052.65,4406.72,4434.26,2588.95,14184.13,14018.88,9461,36.1,44467,24539,5205.44,385,4572,167427,47.1,583.87,0.0
1,"Allen County, Ohio",101670,6100.2,23587.44,18503.94,50021.64,84081.09,12912.09,305.01,915.03,0.0,3456.78,3761.79,81132.66,6098,1830.06,44707,66.9,126900,1126,457,758,226.0,40671,2.42,88046.22,3151.77,92113.02,86724.51,92621.37,19418.97,12912.09,8540.28,61917.03,58765.26,16266,19.5,55114,28671,15555.51,2286,45012,1983272,253.9,402.55,1.0
2,"Ashland County, Ohio",52316,2929.7,11666.47,10201.62,26524.21,50484.94,470.84,156.95,418.53,52.32,784.74,837.06,49752.52,3076,784.74,22513,76.5,143100,1124,432,748,61.0,20531,2.46,45148.71,3191.28,46299.66,43317.65,46927.45,11614.15,5179.28,4708.44,32592.87,29663.17,9431,24.2,58168,28992,5702.44,1034,18234,701075,124.0,422.99,0.0
3,"Ashtabula County, Ohio",97337,5450.87,21414.14,19467.4,47889.8,90231.4,3796.14,389.35,486.68,97.34,2433.43,4672.18,86240.58,7158,1557.39,46355,71.6,121100,1086,426,735,168.0,38332,2.47,84877.86,6521.58,85948.57,80011.01,84099.17,14697.89,12361.8,9733.7,55190.08,51296.6,10406,25.8,49680,26777,15281.91,1806,24464,913850,139.0,702.07,0.0
4,"Athens County, Ohio",62056,2296.07,8998.12,8874.01,31090.06,56657.13,1799.62,248.22,1737.57,62.06,1613.46,1241.12,55726.29,3255,2544.3,26387,59.8,150800,1210,464,840,110.0,22381,2.41,43439.2,3226.91,56222.74,50079.19,56408.9,21161.1,8005.22,5833.26,34316.97,33386.13,11148,21.9,47061,24990,12969.7,1029,13265,469095,124.0,503.64,0.0
5,"Auglaize County, Ohio",46141,2814.6,11119.98,8766.79,22978.22,44710.63,322.99,138.42,276.85,46.14,645.97,876.68,43972.37,2616,415.27,20044,76.2,150200,1172,438,762,156.0,18872,2.43,41619.18,922.82,42311.3,39865.82,43234.12,9274.34,3506.72,3414.43,31052.89,28192.15,10976,19.1,69315,33720,3645.14,975,22072,990028,115.7,401.39,1.0
6,"Belmont County, Ohio",65849,3094.9,12577.16,14289.23,32002.61,61371.27,2765.66,131.7,329.24,0.0,1185.28,790.19,60712.78,4183,856.04,31575,75.8,116700,1013,416,694,4.0,25388,2.49,60581.08,921.89,55576.56,51889.01,60251.84,10535.84,7572.64,5136.22,35821.86,33582.99,16540,25.1,54191,28348,10469.99,1354,18059,697203,125.0,532.13,0.0
7,"Brown County, Ohio",43662,2488.73,9998.6,8208.46,21831.0,42352.14,436.62,130.99,174.65,0.0,611.27,567.61,41915.52,2909,174.65,19454,73.5,141400,1146,438,742,122.0,16968,2.54,38728.19,392.96,37898.62,33969.04,37854.95,6374.65,5283.1,3536.62,24887.34,23621.14,7674,33.6,59766,28658,7335.22,542,5434,163396,89.2,489.54,0.0
8,"Butler County, Ohio",390234,22633.57,91314.76,60486.27,197458.4,322723.52,38242.93,1170.7,16780.06,780.47,10536.32,21072.64,305553.22,20165,25755.44,154873,69.6,190500,1481,533,966,941.0,142881,2.64,335601.24,33169.89,366429.73,350430.13,357064.11,124094.41,32779.66,30048.02,249749.76,234530.63,22001,25.1,72281,34632,45267.14,7292,145687,7053119,836.7,466.52,1.0
9,"Carroll County, Ohio",26691,1387.93,5578.42,5925.4,13158.66,25890.27,213.53,106.76,80.07,0.0,400.36,400.36,25569.98,1863,106.76,13399,76.3,142600,1193,430,715,1.0,11300,2.34,24662.48,1334.55,23648.23,20472.0,23941.83,3763.43,3256.3,2962.7,15240.56,13745.86,7892,28.6,55954,30965,3549.9,453,5447,190081,67.7,394.61,0.0
10,"Champaign County, Ohio",38699,2089.75,8513.78,7236.71,19349.5,36531.86,851.38,193.5,193.5,0.0,928.78,696.58,35951.37,2547,464.39,16905,74.8,146700,1183,531,779,51.0,15506,2.45,33784.23,425.69,35990.07,33358.54,35293.49,6462.73,4256.89,3095.92,24186.88,22600.22,7976,25.6,62865,30090,4102.09,575,9581,408405,90.2,428.99,0.0
11,"Clark County, Ohio",135633,7866.71,30517.42,26855.33,69308.46,117186.91,12342.6,542.53,949.43,135.63,4475.89,5154.05,112982.29,10606,2441.39,61040,68.1,127400,1111,458,755,199.0,55124,2.41,115559.32,4340.26,124917.99,119085.77,120306.47,25634.64,16954.12,10986.27,81244.17,74326.88,10483,22.6,54869,28679,21701.28,2167,38457,1500960,342.7,396.88,0.0
12,"Clermont County, Ohio",209642,11739.95,47169.45,37106.63,105659.57,198321.33,3983.2,419.28,2934.99,209.64,3563.91,4612.12,194338.13,12422,4612.12,87402,73.2,190600,1443,550,912,1224.0,81785,2.52,184275.32,6498.9,196224.91,187419.95,189726.01,61844.39,23479.9,17819.57,137315.51,125575.56,14745,28.0,73013,38260,19915.99,3614,51928,2297661,460.9,452.56,0.0
13,"Clinton County, Ohio",42004,2394.23,9534.91,7560.72,21170.02,39567.77,924.09,168.02,252.02,42.0,1050.1,840.08,38937.71,3087,1008.1,17944,69.2,149500,1193,465,774,88.0,16548,2.46,36291.46,1092.1,38601.68,36123.44,38307.65,8442.8,5082.48,3570.34,26378.51,25118.39,11436,25.8,57409,29651,5040.48,702,16444,845042,102.8,408.73,0.0
14,"Columbiana County, Ohio",101310,5065.5,20667.24,21680.34,49641.9,96244.5,2634.06,303.93,303.93,0.0,1823.58,2127.51,94522.23,8199,911.79,46142,73.6,107300,1034,392,664,63.0,41313,2.39,90064.59,2026.2,89659.35,83884.68,90672.45,15905.67,12258.51,9725.76,58658.49,55416.57,11913,25.1,51664,28538,16918.77,1909,26679,925485,191.5,531.92,0.0
15,"Coshocton County, Ohio",36618,2270.32,8824.94,7286.98,18382.24,35263.13,439.42,109.85,146.47,36.62,585.89,476.03,34896.95,2160,219.71,16314,73.0,113800,1000,396,645,5.0,14517,2.49,32480.17,3332.24,30832.36,27902.92,30868.97,6261.68,3954.74,4027.98,21165.2,19627.25,9335,24.7,49297,24901,5089.9,609,8121,319800,64.9,563.99,0.0
16,"Crawford County, Ohio",41754,2296.47,9144.13,8893.6,21211.03,40250.86,501.05,125.26,250.52,41.75,542.8,793.33,39582.79,2472,626.31,19842,69.1,98600,931,399,695,10.0,18028,2.3,36367.73,1127.36,37829.12,35198.62,37578.6,6555.38,5135.74,3757.86,25094.15,22881.19,8634,24.1,48449,27866,5636.79,767,12093,450310,104.6,401.79,1.0
17,"Cuyahoga County, Ohio",1249387,67466.9,257373.72,237383.53,649681.24,789612.58,381063.04,3748.16,43728.54,0.0,31234.68,82459.54,724644.46,62153,93704.02,615454,58.2,146800,1380,580,875,784.0,551267,2.24,1071974.05,151175.83,1134443.4,1048235.69,1133194.01,429789.13,136183.18,93704.02,792111.36,750881.59,13560,24.0,55109,36321,202400.69,31708,673763,38514352,2766.4,457.21,0.0
18,"Darke County, Ohio",51597,3147.42,12383.28,10319.4,25798.5,50100.69,361.18,103.19,257.98,51.6,722.36,928.75,49275.14,2808,257.98,22645,71.9,134200,1118,422,682,63.0,20826,2.46,46127.72,773.96,45508.55,42722.32,47108.06,8616.7,4643.73,4850.12,32248.12,29307.1,10016,23.0,57440,29914,5366.09,1136,15710,667993,86.7,598.1,0.0
19,"Defiance County, Ohio",38144,2097.92,8696.83,7438.08,19033.86,36236.8,877.31,190.72,190.72,38.14,610.3,4119.55,32613.12,2236,762.88,16573,77.9,131400,1083,460,756,46.0,15075,2.51,33986.3,2021.63,34749.18,32231.68,35130.62,7323.65,3547.39,3165.95,24946.18,22848.26,22199,20.8,65779,32035,3852.54,796,13807,576118,93.1,411.45,0.0
20,"Delaware County, Ohio",220740,12582.18,55847.22,32228.04,110370.0,186966.78,9712.56,441.48,18762.9,220.74,4856.28,6622.2,181448.28,9675,17659.2,84176,79.1,336600,2205,833,1202,2359.0,76549,2.73,195134.16,20970.3,216104.46,210806.7,214559.28,126042.54,12140.7,11037.0,155400.96,141935.82,20392,26.0,116284,52397,9050.34,4893,89828,4740171,483.2,443.15,0.0
21,"Erie County, Ohio",74852,3892.3,15045.25,17141.11,38099.67,64597.28,6736.68,224.56,598.82,74.85,2619.82,3592.9,61678.05,5281,1272.48,38320,69.7,152800,1195,497,814,289.0,31984,2.32,66917.69,2544.97,68414.73,61079.23,68788.99,18862.7,8233.72,5763.6,46408.24,44387.24,16636,20.8,60149,35100,9431.35,1780,32736,1233289,300.9,251.29,0.0
22,"Fairfield County, Ohio",161064,9341.71,38655.36,25931.3,80532.0,137065.46,15784.27,483.19,3865.54,161.06,3865.54,4187.66,134005.25,9315,6603.62,63340,75.1,213500,1539,561,963,875.0,57841,2.67,142380.58,8536.39,150272.71,140931.0,150594.84,48641.33,14817.89,12885.12,103242.02,97604.78,12711,28.3,77241,35481,13207.25,2670,36790,1395045,315.1,504.37,0.0
23,"Fayette County, Ohio",28906,1676.55,6850.72,5260.89,14684.25,27027.11,751.56,86.72,346.87,0.0,693.74,693.74,26477.9,1424,549.21,12718,64.4,125000,1090,437,729,33.0,11471,2.49,25552.9,433.59,26131.02,24194.32,24338.85,4249.18,4538.24,2630.45,16794.39,14857.68,21342,26.0,52964,27586,4711.68,562,9898,366763,71.2,406.36,0.0
24,"Franklin County, Ohio",1321414,87213.32,307889.46,167819.58,672599.73,869490.41,322425.02,3964.24,77963.43,1321.41,47570.9,81927.67,803419.71,59227,151962.61,589008,53.6,203200,1549,632,1070,6652.0,537109,2.39,1086202.31,187640.79,1257986.13,1201165.33,1209093.81,544422.57,110998.78,125534.33,923668.39,865526.17,19798,22.2,65999,37532,188962.2,29479,672835,37097059,2486.4,532.42,0.0
25,"Fulton County, Ohio",42450,2419.65,9933.3,8065.5,21225.0,40964.25,424.5,212.25,212.25,42.45,636.75,3947.85,37398.45,2405,721.65,17730,80.5,145600,1198,465,768,31.0,16763,2.52,38926.65,1698.0,39181.35,36973.95,39520.95,7471.2,4542.15,3650.7,26913.3,24748.35,11930,22.5,65418,31805,3438.45,938,15762,689737,105.3,405.45,0.0
26,"Gallia County, Ohio",29158,1778.64,6793.81,5685.81,14666.47,27466.84,699.79,145.79,204.11,87.47,583.16,408.21,27146.1,1342,320.74,13440,76.7,120500,1200,435,718,14.0,11292,2.53,26533.78,1049.69,24171.98,21693.55,24813.46,5015.18,4373.7,2624.22,15424.58,13733.42,13028,27.8,50773,26484,5248.44,542,9209,362594,62.6,466.53,0.0
27,"Geauga County, Ohio",95565,5064.94,21502.12,20546.47,47591.37,92411.36,1242.34,191.13,668.96,0.0,1051.22,1720.17,90882.32,4731,2389.12,37540,87.2,259900,1757,652,895,191.0,35249,2.68,88302.06,11754.5,86295.2,81612.51,86581.89,36696.96,5447.2,9556.5,62212.81,55714.4,16021,28.1,90285,45199,5925.03,2711,29806,1294357,238.3,400.3,0.0
28,"Greene County, Ohio",168412,8925.84,34861.28,30314.16,84711.24,144329.08,12462.49,505.24,5220.77,168.41,5726.01,5389.18,139950.37,15148,8252.19,71889,66.8,190200,1510,582,938,685.0,66279,2.39,141466.08,9936.31,158980.93,152749.68,158307.28,69217.33,14820.26,11283.6,102562.91,94142.31,15544,21.3,75901,38882,17346.44,3255,55902,2730534,406.1,413.56,0.0
29,"Guernsey County, Ohio",38287,2144.07,8461.43,7772.26,19105.21,36525.8,650.88,153.15,191.44,0.0,804.03,497.73,36104.64,2773,382.87,19041,71.9,126500,1072,425,731,26.0,16136,2.36,33539.41,1646.34,33615.99,30093.58,32888.53,5666.48,4977.31,4020.14,21211.0,19411.51,13621,22.6,48434,26716,5819.62,819,13504,519565,73.6,522.25,0.0
30,"Hamilton County, Ohio",826139,52046.76,190011.97,133008.38,424635.45,555991.55,219752.97,2478.42,24784.17,826.14,22305.75,32219.42,531207.38,39032,48742.2,380401,58.7,172800,1460,604,875,1922.0,345878,2.34,696435.18,61134.29,765830.85,730306.88,759221.74,327151.04,72700.23,55351.31,551034.71,519641.43,16293,23.4,63080,38902,129703.82,20772,493248,30753058,2048.9,405.41,0.0
31,"Hancock County, Ohio",74656,4255.39,16349.66,13512.74,37402.66,69504.74,1642.43,298.62,1642.43,0.0,1493.12,4628.67,65547.97,4554,2538.3,33908,69.6,157300,1225,480,792,121.0,31164,2.35,64353.47,3882.11,69952.67,65697.28,69728.7,20903.68,5748.51,5972.48,48451.74,44494.98,16376,18.0,60828,34532,7465.6,1652,44318,2240851,141.0,531.33,1.0
32,"Hardin County, Ohio",30621,1867.88,7195.94,4960.6,15310.5,29334.92,336.83,91.86,275.59,30.62,551.18,673.66,28814.36,1707,643.04,12904,71.6,114600,1106,408,710,24.0,11557,2.46,25997.23,2143.47,27497.66,25201.08,27712.0,5021.84,3184.58,3245.83,18097.01,16596.58,7035,22.9,52112,25057,5174.95,426,6693,230333,65.3,470.29,0.0
33,"Harrison County, Ohio",14477,723.85,3040.17,3199.42,7252.98,13796.58,304.02,43.43,43.43,0.0,289.54,188.2,13651.81,974,101.34,7378,77.3,101600,962,398,608,0.0,5748,2.5,13521.52,579.08,12059.34,11335.49,12797.67,1766.19,1910.96,1447.7,7339.84,6355.4,5731,30.4,51993,27455,2041.26,260,2904,126688,36.0,402.33,0.0
34,"Henry County, Ohio",27538,1597.2,6388.82,5342.37,13796.54,26656.78,220.3,137.69,165.23,0.0,357.99,2175.5,24674.05,2045,385.53,12063,78.3,138100,1141,481,785,19.0,11040,2.46,25004.5,1156.6,25252.35,24095.75,25775.57,4874.23,2726.26,2285.65,17569.24,16385.11,9224,22.7,64513,31671,2450.88,558,8089,371113,66.5,416.01,0.0
35,"Highland County, Ohio",43354,2731.3,10318.25,8193.91,21850.42,41446.42,693.66,173.42,216.77,0.0,823.73,606.96,41012.88,2830,346.83,18977,71.6,126200,1092,396,704,71.0,16526,2.58,38628.41,1387.33,37241.09,33556.0,36287.3,6112.91,5852.79,4465.46,25232.03,23281.1,10160,28.5,52376,24980,6026.21,676,8371,334403,78.3,553.08,0.0
36,"Hocking County, Ohio",28097,1489.14,6097.05,5563.21,14048.5,27169.8,224.78,112.39,140.49,0.0,421.46,337.16,26916.93,1676,140.49,12994,78.3,144000,1180,446,701,12.0,11240,2.47,25680.66,533.84,25483.98,23517.19,24753.46,4158.36,3652.61,2444.44,16492.94,15003.8,8363,29.8,56755,27714,4636.0,482,5340,158449,66.6,421.35,0.0
37,"Holmes County, Ohio",44271,3718.76,13502.66,6242.21,21914.14,43562.66,177.08,44.27,132.81,44.27,309.9,442.71,43208.5,1081,177.08,14578,77.7,231200,1348,455,700,4.0,13200,3.28,40817.86,21914.14,30414.18,26739.68,25057.39,4648.46,1992.2,12572.96,28776.15,22046.96,14652,21.9,69454,26999,4471.37,1332,18805,766913,104.6,422.61,0.0
38,"Huron County, Ohio",58367,3502.02,13891.35,10564.43,29241.87,55973.95,875.5,175.1,233.47,0.0,1050.61,4085.69,52296.83,3285,700.4,25507,72.0,133600,1110,452,750,142.0,23288,2.48,52238.46,2217.95,53055.6,48678.08,52530.3,8755.05,6887.31,4961.2,36012.44,33035.72,11764,22.6,59049,28145,6537.1,1081,18620,831402,119.0,492.24,0.0
39,"Jackson County, Ohio",32511,1983.17,7770.13,5819.47,16418.06,31438.14,227.58,130.04,130.04,0.0,585.2,357.62,31113.03,2198,195.07,14512,75.0,111400,1106,421,685,51.0,12361,2.6,29650.03,780.26,28252.06,25716.2,28414.61,4909.16,5299.29,2828.46,18791.36,17328.36,11664,27.1,50983,25843,5754.45,607,8478,296472,77.7,420.31,0.0
40,"Jefferson County, Ohio",64789,3304.24,12763.43,14383.16,33042.39,59087.57,3563.4,129.58,388.73,0.0,1619.72,1166.2,58180.52,4649,842.26,31081,70.9,102800,1055,429,694,6.0,26776,2.37,58180.52,1295.78,55070.65,52997.4,60059.4,11856.39,8163.41,4729.6,35763.53,33495.91,12668,23.3,49211,28207,11143.71,1188,18549,702650,159.9,408.12,0.0
41,"Knox County, Ohio",62897,3710.92,14403.41,11824.64,31762.98,60695.6,628.97,188.69,377.38,0.0,943.46,1132.15,59752.15,4132,817.66,25920,72.6,168700,1267,467,826,351.0,22908,2.57,55412.26,3270.64,57299.17,53651.14,57676.55,14277.62,6038.11,5660.73,37926.89,35033.63,10155,27.5,64439,29383,7862.12,1095,18357,733504,119.4,525.5,1.0
42,"Lake County, Ohio",232023,11137.1,45244.48,48956.85,118099.71,210908.91,12297.22,464.05,3712.37,0.0,4640.46,11601.15,200931.92,14005,12993.29,105937,74.5,166200,1349,560,952,775.0,98217,2.34,206732.49,19025.89,216013.41,207892.61,215781.39,67054.65,20186.0,18329.82,151743.04,142462.12,16320,23.8,70168,37586,16241.61,5498,86083,4245635,1014.5,229.27,0.0
43,"Lawrence County, Ohio",57445,3044.58,12465.56,11086.88,29296.95,54687.64,1263.79,172.34,287.23,0.0,1034.01,574.45,54228.08,3967,517.0,26519,72.1,112200,1090,435,759,16.0,22608,2.56,52045.17,631.9,49862.26,45841.11,51068.6,9708.2,10454.99,4595.6,30158.62,28148.05,9691,22.7,48947,25754,9880.54,791,10304,361227,128.5,453.39,0.0
44,"Licking County, Ohio",180401,10463.26,41492.23,30848.57,91102.5,161098.09,7937.64,721.6,5953.23,180.4,4690.43,4149.22,157670.47,12598,5953.23,73008,73.4,195100,1472,527,894,363.0,66342,2.62,157490.07,8118.04,169035.74,162000.1,167412.13,51594.69,20565.71,13530.08,113291.83,106256.19,14373,27.0,72771,35931,19844.11,3022,56800,2444812,261.6,682.43,0.0
45,"Logan County, Ohio",46035,2624.0,10542.02,8792.69,23109.57,43411.0,920.7,138.1,414.32,46.04,1104.84,966.74,42582.38,2873,598.46,23789,75.8,148600,1167,489,740,126.0,18928,2.41,40787.01,1242.95,42628.41,40418.73,42720.48,8240.26,4465.39,3498.66,28219.46,26378.06,11151,22.1,64196,32868,4649.54,808,16703,789601,100.7,458.51,1.0
46,"Lorain County, Ohio",315595,17042.13,68799.71,60594.24,159059.88,270780.51,28403.55,1262.38,4733.92,315.6,10414.64,34084.26,243323.74,18562,8836.66,135686,72.5,164600,1368,542,821,1127.0,123500,2.45,282141.93,21144.86,293187.76,260365.88,286875.86,82054.7,30612.72,23669.62,190619.38,182098.32,12604,24.8,62390,33799,40396.16,5483,85777,3665272,638.0,490.54,0.0
47,"Lucas County, Ohio",429191,26180.65,99143.12,73391.66,220604.17,315884.58,87984.16,1716.76,7725.44,429.19,15450.88,33476.9,289274.73,20910,16309.26,200856,61.2,127900,1261,499,803,460.0,179358,2.35,367816.69,27468.22,394855.72,369962.64,387130.28,118027.52,50215.35,32618.52,271248.71,255368.64,15002,20.6,53176,31632,74679.23,9297,188890,9467561,1269.7,339.66,0.0
48,"Madison County, Ohio",44386,2263.69,9010.36,7146.15,20151.24,39814.24,2885.09,177.54,665.79,0.0,798.95,1198.42,38793.36,2666,665.79,16359,73.8,173400,1372,508,870,89.0,15181,2.55,37772.49,1864.21,40701.96,38793.36,39237.22,8877.2,4838.07,3284.56,25166.86,26675.99,39612,24.9,72811,31493,5947.72,687,15459,687596,94.1,465.81,0.0
49,"Mahoning County, Ohio",226762,12018.39,45579.16,49434.12,114514.81,181636.36,36281.92,680.29,2040.86,226.76,5895.81,15873.34,169844.74,13771,4988.76,107973,69.8,114600,1120,438,706,194.0,97293,2.29,200457.61,14059.24,203405.51,191613.89,207260.47,56463.74,26531.15,19274.77,136510.72,129707.86,16442,22.3,50750,30421,43765.07,5295,84892,3327818,555.6,411.49,0.0
50,"Marion County, Ohio",65291,3656.3,13906.98,12078.84,30490.9,58696.61,4374.5,195.87,391.75,65.29,1501.69,2024.02,57129.62,4542,1044.66,27357,67.3,114800,1074,426,782,49.0,24251,2.47,55693.22,3003.39,59545.39,55627.93,58696.61,8553.12,9140.74,4962.12,34669.52,34277.78,12471,23.4,51144,26823,10315.98,1094,22275,918875,161.9,403.81,0.0
51,"Medina County, Ohio",183092,8971.51,39730.96,34970.57,91912.18,174303.58,2929.47,366.18,2563.29,0.0,2746.38,4760.39,170275.56,9712,5492.76,75697,79.8,219900,1540,569,958,463.0,71360,2.52,166613.72,7872.96,174852.86,164782.8,174120.49,64082.2,13182.62,11351.7,123587.1,113883.22,17492,27.2,82894,41100,11168.61,3978,54701,2461886,432.9,421.46,1.0
52,"Meigs County, Ohio",22049,1080.4,4630.29,4630.29,11046.55,21409.58,220.49,66.15,66.15,0.0,286.64,198.44,21255.24,1313,66.15,10664,77.5,100300,1010,382,639,6.0,8719,2.54,19932.3,264.59,18366.82,15742.99,18763.7,2734.08,3549.89,2050.56,11068.6,10120.49,8072,32.3,44113,24812,4652.34,313,2571,73632,51.6,430.1,0.0
53,"Mercer County, Ohio",42309,3215.48,11127.27,8038.71,20858.34,40785.88,211.54,126.93,253.85,380.78,550.02,803.87,40151.24,2087,676.94,18013,79.6,169500,1197,473,679,85.0,15923,2.61,37993.48,888.49,38966.59,37697.32,39305.06,8631.04,2580.85,3173.18,29320.14,27754.7,13410,19.1,68692,32528,3088.56,1027,16352,663713,92.0,462.45,0.0
54,"Miami County, Ohio",109264,6228.05,25239.98,20978.69,55069.06,101506.26,2950.13,218.53,1966.75,0.0,2513.07,2185.28,99648.77,6858,3387.18,46998,73.0,165600,1238,478,832,307.0,43279,2.47,96261.58,4261.3,101615.52,97026.43,101834.05,26551.15,8413.33,7539.22,70803.07,63263.86,13469,21.6,66284,34178,8959.65,2112,37222,1593764,267.6,406.52,0.0
55,"Monroe County, Ohio",13329,653.12,2732.44,3158.97,6557.87,12969.12,93.3,26.66,26.66,0.0,213.26,93.3,12889.14,885,79.97,7132,78.6,115500,980,366,584,1.0,5565,2.4,12475.94,226.59,11129.72,9943.43,11969.44,1679.45,1706.11,1346.23,6744.47,5731.47,5400,33.7,50503,30569,1892.72,263,1820,60937,29.4,455.72,0.0
56,"Montgomery County, Ohio",535840,31614.56,118420.64,98058.72,276493.44,387948.16,116277.28,1607.52,12860.16,535.84,16611.04,19290.24,372408.8,37254,26792.0,252095,62.0,133400,1255,515,849,1047.0,226199,2.29,445818.88,33222.08,492972.8,467788.32,487614.4,156465.28,59478.24,44474.72,331684.96,309715.52,15868,22.1,56543,32692,81447.68,10960,236680,11710997,1164.6,461.35,0.0
57,"Morgan County, Ohio",13682,670.42,2818.49,3051.09,6813.64,12628.49,410.46,54.73,27.36,0.0,547.28,136.82,12546.39,786,54.73,7286,77.1,103500,993,361,641,55.0,5629,2.45,12519.03,164.18,11424.47,10165.73,11588.65,1491.34,2107.03,1286.11,6909.41,6827.32,4056,35.5,44848,23497,2243.85,158,2206,77860,33.1,416.43,0.0
58,"Morrow County, Ohio",35151,1933.3,7768.37,6502.94,17434.9,34026.17,316.36,105.45,175.76,0.0,562.42,632.72,33498.9,2214,386.66,14584,80.6,163300,1307,461,851,150.0,13048,2.65,32198.32,2284.82,32233.47,29737.75,31284.39,5272.65,4007.21,3374.5,22461.49,21055.45,5005,30.6,63411,30352,3972.06,408,4020,131238,86.1,406.13,0.0
59,"Muskingum County, Ohio",86408,5098.07,19614.62,15899.07,44154.49,79408.95,3369.91,259.22,518.45,0.0,2765.06,1123.3,78631.28,5328,432.04,38337,70.3,132800,1140,411,719,21.0,33970,2.48,75952.63,2160.2,76298.26,72755.54,77594.38,15726.26,8986.43,6912.64,51585.58,47697.22,15450,25.0,52224,28877,13652.46,1667,27960,1201764,130.0,664.55,0.0
60,"Noble County, Ohio",14176,708.8,2665.09,4068.51,5712.93,13438.85,467.81,56.7,42.53,0.0,170.11,113.41,13353.79,1060,85.06,5785,79.3,113500,1044,368,652,25.0,4608,2.58,12517.41,567.04,11340.8,10376.83,12049.6,1715.3,1644.42,1318.37,5301.82,6464.26,5632,25.6,46144,26411,2310.69,219,1903,55417,35.5,398.01,0.0
61,"Ottawa County, Ohio",40104,1644.26,7218.72,10587.46,20052.0,38740.46,441.14,120.31,160.42,0.0,641.66,2165.62,36815.47,3183,481.25,28744,81.0,160500,1284,467,774,172.0,17930,2.21,36614.95,1122.91,36975.89,33326.42,37056.1,10427.04,3288.53,3368.74,23180.11,21776.47,10889,25.0,64463,40728,3368.74,1014,9878,451384,158.5,254.7,0.0
62,"Paulding County, Ohio",18871,1151.13,4547.91,3623.23,9435.5,18191.64,226.45,94.36,56.61,0.0,283.06,981.29,17380.19,1167,264.19,8521,80.2,107700,1030,422,704,29.0,7480,2.51,16965.03,471.78,16700.84,14530.67,16927.29,3057.1,2472.1,1679.52,10945.18,9831.79,7269,23.8,59987,30831,1943.71,298,4045,141660,45.2,416.44,0.0
63,"Perry County, Ohio",35460,2056.68,8368.56,6240.96,17623.62,34431.66,212.76,141.84,70.92,35.46,567.36,354.6,34112.52,2578,177.3,15006,76.7,136300,1148,439,654,47.0,13071,2.69,32197.68,921.96,31594.86,29077.2,31488.48,4751.64,5319.0,3085.02,19680.3,18687.42,5334,32.1,58616,26299,4928.94,437,4442,150303,86.8,407.93,0.0
64,"Pickaway County, Ohio",59333,3144.65,12756.6,9552.61,27945.84,55357.69,2373.32,178.0,356.0,0.0,1067.99,1008.66,54586.36,3723,474.66,22540,72.6,185400,1437,525,851,262.0,20706,2.61,50433.05,949.33,54467.69,50373.72,51738.38,11629.27,6645.3,4093.98,32989.15,32989.15,8044,28.7,63629,30342,6051.97,783,10411,425955,116.8,501.23,0.0
65,"Pike County, Ohio",27089,1706.61,6474.27,4984.38,13598.68,25815.82,352.16,216.71,81.27,27.09,595.96,352.16,25572.02,2036,189.62,12076,66.9,118400,1125,414,760,29.0,10478,2.56,24623.9,460.51,23784.14,20316.75,23052.74,3982.08,5011.46,2329.65,13490.32,12650.56,10055,28.5,44961,26568,5201.09,402,7184,352191,61.5,440.28,0.0
66,"Portage County, Ohio",162382,7144.81,29715.91,28741.61,82490.06,146630.95,8119.1,324.76,3410.02,162.38,3734.79,3572.4,143708.07,8573,4871.46,71037,70.4,168500,1382,522,921,427.0,63372,2.43,140460.43,6820.04,150528.11,138511.85,150040.97,48876.98,14289.62,13477.71,106360.21,99540.17,14668,25.2,64163,34290,20135.37,2958,47923,2049113,331.9,487.41,0.0
67,"Preble County, Ohio",40867,2165.95,9113.34,8132.53,20433.5,39518.39,326.94,163.47,286.07,0.0,572.14,449.54,39150.59,2703,367.8,18120,78.0,141600,1149,443,754,48.0,16648,2.44,37188.97,735.61,36862.03,34205.68,37352.44,7519.53,4291.04,3024.16,25133.2,22640.32,9414,26.3,60527,31040,4495.37,664,9668,444669,96.6,424.23,0.0
68,"Putnam County, Ohio",34318,2196.35,8854.04,6314.51,17021.73,33563.0,240.23,137.27,102.95,0.0,274.54,2333.62,31435.29,1454,446.13,13869,85.5,158300,1227,445,754,47.0,13158,2.59,32053.01,1407.04,31675.51,29273.25,32464.83,8510.86,1887.49,2711.12,23027.38,21414.43,8558,22.4,73122,33676,2436.58,729,9933,398620,71.4,482.54,0.0
69,"Richland County, Ohio",125195,7010.92,27417.7,25039.0,61220.36,108794.46,11893.52,250.39,1126.76,125.2,3129.88,2754.29,106540.94,8429,2003.12,54634,67.2,123900,1100,426,694,115.0,49505,2.37,107417.31,5383.38,111298.36,103285.88,110672.38,22284.71,15148.6,11142.36,71110.76,68982.45,13626,22.4,52605,27534,16776.13,2606,39890,1479026,252.3,495.23,0.0
70,"Ross County, Ohio",76891,4075.22,16224.0,13532.82,36446.33,69586.36,4459.68,230.67,384.46,0.0,2076.06,1076.47,68817.45,5240,692.02,32065,70.8,134300,1227,440,784,15.0,29455,2.43,66510.72,1307.15,68971.23,64280.88,68279.21,12994.58,10764.74,6228.17,41136.68,41213.58,14604,26.8,54004,27086,14532.4,1233,22077,953471,111.9,689.17,0.0
71,"Sandusky County, Ohio",58715,3170.61,12917.3,11625.57,29416.22,54428.8,2113.74,234.86,293.58,0.0,1644.02,6282.5,48850.88,3550,998.16,26496,72.9,124700,1101,445,719,52.0,23797,2.43,52843.5,2466.03,52960.93,48850.88,54370.09,10627.42,6869.66,5108.2,35992.3,32821.68,11573,19.4,56414,29904,7691.66,1273,22041,942599,144.3,408.25,0.0
72,"Scioto County, Ohio",73346,4034.03,15989.43,13789.05,36966.38,69018.59,2053.69,440.08,293.38,0.0,1540.27,1173.54,68065.09,4573,513.42,33087,68.3,107600,1130,414,669,4.0,28152,2.52,63957.71,1026.84,62930.87,59043.53,63077.56,12028.74,13642.36,5794.33,34105.89,33079.05,12246,27.1,43266,23958,17529.69,1240,19183,721708,121.3,610.15,0.0
73,"Shelby County, Ohio",47977,3070.53,11850.32,8348.0,23748.62,44954.45,1151.45,95.95,575.72,47.98,1151.45,767.63,44330.75,2824,767.63,20116,71.4,154500,1227,482,787,75.0,18429,2.6,42603.58,959.54,43994.91,41787.97,42987.39,9163.61,4174.0,3502.32,32528.41,30369.44,10067,18.7,66536,31861,5133.54,964,24765,1287376,118.3,407.69,0.0
74,"Stark County, Ohio",373834,20560.87,80374.31,75140.63,191029.17,327104.75,30280.55,1121.5,3738.34,0.0,11215.02,8972.02,320001.9,23509,7850.51,167323,68.0,146100,1178,449,784,952.0,154426,2.37,327852.42,11962.69,342805.78,315889.73,345048.78,88224.82,36261.9,28411.38,231777.08,212711.55,14450,21.6,58170,31765,47850.75,8005,143048,5849718,651.6,575.27,0.0
75,"Trumbull County, Ohio",201335,10469.42,41475.01,44495.04,102479.52,177174.8,17717.48,402.67,1208.01,0.0,4630.7,4228.04,173953.44,14454,3020.02,94373,71.4,109300,1046,430,707,120.0,84989,2.33,184624.2,9664.08,175564.12,160464.0,179590.82,38857.66,24764.2,18522.82,109928.91,102479.52,12896,23.6,50258,28123,31206.92,3817,55664,2097513,326.8,618.1,0.0
76,"Tuscarawas County, Ohio",92500,5735.0,21182.5,18500.0,46435.0,88985.0,925.0,555.0,370.0,277.5,1387.5,3330.0,86580.0,5457,1387.5,40845,69.9,144700,1167,439,796,64.0,37661,2.44,79642.5,7585.0,81955.0,74370.0,81770.0,17020.0,9990.0,10267.5,57257.5,50690.0,12933,23.5,57545,29276,11470.0,2062,30562,1240618,164.4,567.39,0.0
77,"Vinton County, Ohio",12696,672.89,2704.25,2361.46,6309.91,12315.12,76.18,50.78,50.78,0.0,203.14,139.66,12200.86,634,101.57,5933,76.0,98500,1028,431,646,2.0,5052,2.53,11616.84,330.1,10004.45,8811.02,10182.19,1663.18,2044.06,1180.73,6932.02,6513.05,2320,35.3,46653,25263,2450.33,147,1641,50807,31.0,412.36,0.0
78,"Warren County, Ohio",246553,13560.42,58926.17,37476.06,121550.63,214254.56,9615.57,493.11,17012.16,246.55,4931.06,7889.7,207351.07,12515,19231.13,95160,78.6,250300,1723,642,1156,1406.0,86981,2.67,215487.32,22929.43,238416.75,231020.16,233239.14,108729.87,16765.6,12820.76,160506.0,151630.1,12796,25.7,95709,45255,14546.63,4456,83544,4528870,603.7,401.43,0.0
79,"Washington County, Ohio",59423,2911.73,11765.75,13013.64,30008.62,56867.81,772.5,178.27,415.96,0.0,1129.04,713.08,56273.58,4903,831.92,27969,74.1,146600,1128,414,725,5.0,24435,2.39,51995.12,1485.58,52113.97,47478.98,54312.62,11765.75,7784.41,4634.99,34524.76,31375.34,14565,23.2,54167,31375,8081.53,1351,22846,1062679,94.6,631.97,0.0
80,"Wayne County, Ohio",116710,7352.73,28243.82,21824.77,58238.29,111224.63,1867.36,233.42,1283.81,116.71,2100.78,2567.62,109123.85,5834,2567.62,46830,74.7,164300,1243,474,770,189.0,43964,2.56,101887.83,15055.59,101304.28,95818.91,100487.31,27310.14,10854.03,14121.91,72943.75,64307.21,11768,20.2,64594,30362,11204.16,2482,43423,1792709,210.7,554.79,0.0
81,"Williams County, Ohio",36716,2092.81,8114.24,7343.2,18321.28,35394.22,477.31,146.86,220.3,0.0,440.59,1909.23,33705.29,1996,587.46,16571,76.9,111500,1044,412,718,31.0,15261,2.36,32750.67,1138.2,32713.96,30914.87,33668.57,5360.54,4148.91,3047.43,22800.64,21735.87,10145,17.9,55030,28831,3304.44,780,15739,623325,88.2,420.66,0.0
82,"Seneca County, Ohio",54906,3019.83,11914.6,10377.23,27288.28,51446.92,1482.46,164.72,439.25,54.91,1372.65,3129.64,48756.53,3361,878.5,23973,72.6,113000,1049,433,740,48.0,21862,2.38,47823.13,1921.71,49580.12,46011.23,51062.58,9828.17,5655.32,4447.39,34480.97,32504.35,10226,20.7,56043,28992,6588.72,1025,16462,607851,99.9,551.03,1.0
83,"Wood County, Ohio",132472,6623.6,26891.82,21327.99,66765.89,122801.54,3841.69,397.42,2649.44,0.0,2649.44,8080.79,115648.06,6213,4371.58,57308,64.2,177000,1437,553,845,547.0,53010,2.37,106375.02,6093.71,126113.34,118827.38,125848.4,48087.34,11657.54,9405.51,90213.43,84517.14,14333,20.7,66337,36047,14439.45,2701,57707,2719738,214.3,617.16,0.0
84,"Union County, Ohio",64971,3963.23,15852.92,8446.23,33460.06,58214.02,1754.22,129.94,3703.35,0.0,1169.48,1624.28,56784.65,3081,3508.43,24130,81.2,242400,1696,626,1050,1253.0,21654,2.71,55095.41,4612.94,62177.25,60228.12,61332.62,24559.04,4418.03,3573.4,43725.48,38527.8,13966,25.9,96634,44442,3573.4,1083,25265,1591247,145.4,431.76,1.0
85,"Wyandot County, Ohio",21708,1128.82,4840.88,4428.43,10897.42,21121.88,108.54,65.12,151.96,0.0,260.5,716.36,20514.06,1341,303.91,9847,72.5,133600,1139,420,682,70.0,9036,2.4,20123.32,607.82,19884.53,18386.68,20318.69,4211.35,1801.76,1758.35,13979.95,12851.14,12356,22.9,61626,30596,1714.93,494,9495,425207,53.8,406.88,0.0
86,"Summit County, Ohio",537633,29032.18,111827.66,101612.64,275805.73,415590.31,82257.85,1075.27,23118.22,0.0,15053.72,13440.82,405375.28,28871,29032.18,246735,66.8,159800,1299,525,882,788.0,228283,2.33,472041.77,37634.31,497310.52,473117.04,497848.16,182257.59,49999.87,38171.94,348923.82,325805.6,15843,23.3,63111,37373,67204.12,13210,246876,12462532,1309.2,412.79,0.0
87,"Van Wert County, Ohio",28732,1752.65,6694.56,5717.67,14452.2,27697.65,344.78,143.66,86.2,0.0,459.71,1178.01,26720.76,1390,201.12,12559,78.0,112300,957,405,721,37.0,11553,2.47,25887.53,689.57,26088.66,23818.83,26692.03,4798.24,2901.93,2327.29,18359.75,17095.54,11816,20.1,59210,29119,2557.15,541,10422,443969,70.7,409.15,0.0
